{
  "project_info": {
    "project_number": "196320069375",
    "project_id": "medicnet-28daa",
    "storage_bucket": "medicnet-28daa.firebasestorage.app"
  },
  "client": [
    {
      "client_info": {
        "mobilesdk_app_id": "1:196320069375:android:bbc5def842be3477b7eeca",
        "android_client_info": {
          "package_name": "com.example.medicnet"
        }
      },
      "oauth_client": [],
      "api_key": [
        {
          "current_key": "AIzaSyCRPCv_Y85_XDeLxWJCHBRvCK-jgFie0-A"
        }
      ],
      "services": {
        "appinvite_service": {
          "other_platform_oauth_client": []
        }
      }
    }
  ],
  "configuration_version": "1"
}